n,mean,median,std,p25,p75,p10,p90,p_positive,min,max,view,gate_group,horizon
207,-0.005678880439089345,-0.0017797552836486183,0.046911619331435485,-0.008232491575876313,0.0038685425304736797,-0.022321678321678338,0.015229066097803763,0.4106280193236715,-0.37914366172198943,0.10921021795172246,raw,A_both_pass,fwd_30m
192,-0.006211556426213446,-0.003610287566267633,0.05514253757842161,-0.012442564235614958,0.004722225494353637,-0.029288702928870265,0.018450100790813283,0.4010416666666667,-0.40329053859287345,0.22804878048780503,raw,A_both_pass,fwd_60m
139,-0.014982485485312582,-0.005936920222634514,0.06423287107913175,-0.02469400380009719,0.0036960592887914376,-0.04155516328331862,0.016462719692879837,0.3381294964028777,-0.4234683695869088,0.15181370353784152,raw,A_both_pass,fwd_240m
231,-0.00702650972390139,-0.0025436408977555524,0.06045047322572906,-0.01646405756137983,0.010092820092820143,-0.030624419992045633,0.03990291262135922,0.4025974025974026,-0.4789241446595268,0.12028530449277057,raw,A_both_pass,fwd_next_session_open
7058,-0.0026022268866663194,-0.0013587089460275403,0.02884485721279885,-0.006577145904190925,0.002452801036015343,-0.01876522456765013,0.00919812283207507,0.36936809294417683,-0.5268022181146026,0.9,raw,B_rsi_pass_sma_fail,fwd_30m
6416,-0.003143837765542231,-0.001683501683501797,0.031219743456979008,-0.00809167334820465,0.003383831820704038,-0.021451235468773616,0.011487867177522374,0.37796134663341646,-0.5027726432532348,0.75,raw,B_rsi_pass_sma_fail,fwd_60m
4714,-0.001720933970141295,-0.0021165718086821536,0.06466357095365378,-0.01120994291153365,0.005529549526526933,-0.026115399497001368,0.018101772441395148,0.40560033941450996,-0.8740636042402827,3.3783986499156193,raw,B_rsi_pass_sma_fail,fwd_240m
8124,0.006676307996871853,-0.0006711880992036872,0.293202059578378,-0.007692522106057603,0.007062117670826138,-0.02236852602955614,0.020415176336254552,0.4553175775480059,-0.523105360443623,15.80434269530328,raw,B_rsi_pass_sma_fail,fwd_next_session_open
4600,0.0025647663980869293,0.0008984725965858381,0.03334606049241771,-0.005527874596759248,0.009980876255347883,-0.020478416395171135,0.026387288767018745,0.5439130434782609,-0.3816907216494845,0.5451388888888891,raw,C_rsi_fail_sma_pass,fwd_30m
4187,0.004693389825415708,0.0019460191217531432,0.04250976531375434,-0.006349206349206215,0.01382498066766618,-0.023778922615141005,0.036345796382959046,0.5732027704800573,-0.5352177942539388,0.5208333333333334,raw,C_rsi_fail_sma_pass,fwd_60m
3017,0.006243474072541871,0.003592023231169422,0.061318968085521786,-0.010411534798173928,0.01881571665744327,-0.032029558104007524,0.044649234184239744,0.5773947630096122,-0.548319783197832,1.1521739130434783,raw,C_rsi_fail_sma_pass,fwd_240m
5480,0.008699522982729233,0.0025793788172192344,0.05341877590279399,-0.007987907880061155,0.018935104348549087,-0.027228685903609783,0.048819277129960016,0.591970802919708,-0.5247686832740214,1.0208333333333335,raw,C_rsi_fail_sma_pass,fwd_next_session_open
5971,0.000968610973112354,-0.00021819768710447328,0.046003884138153144,-0.007520176335169238,0.006213314447592023,-0.020710059171597586,0.01956848971399893,0.46876570088762354,-0.43589743589743585,2.022222222222222,raw,D_both_fail,fwd_30m
5386,0.0016867785430541458,-2.213245034502868e-05,0.04633679449427407,-0.00840336134453785,0.008000170011794157,-0.023696839135872505,0.024483391683033116,0.4838470107686595,-0.3828478964401294,1.6400000000000001,raw,D_both_fail,fwd_60m
3816,0.005021797065698127,0.0016058132643722073,0.07569131566442598,-0.009508326621807658,0.014347851043815526,-0.026832327047816136,0.03677225491423564,0.5429769392033543,-0.43589743589743585,2.3325,raw,D_both_fail,fwd_240m
6921,0.006380972925037515,0.002915708194751697,0.05838128404136925,-0.007491438356164414,0.015529219452390788,-0.02471278618067612,0.03951433682042382,0.5912440398786303,-0.49288025889967635,2.706711111111111,raw,D_both_fail,fwd_next_session_open
69,-0.005789014822505823,0.0,0.05369543609441052,-0.029126213592233035,0.016317016317016382,-0.07320162635529606,0.03366422097539923,0.4782608695652174,-0.2186700767263427,0.22270742358078593,raw,Z_unknown,fwd_30m
51,-0.012902661711795967,-0.0031777071620629543,0.07590497087288908,-0.046646253558082176,0.02600873495386636,-0.10554957983193279,0.064516129032258,0.49019607843137253,-0.2608695652173913,0.24890829694323136,raw,Z_unknown,fwd_60m
30,-0.016831389138551294,-0.009301862959845898,0.10944371595018805,-0.05076345672675943,0.0312644833467389,-0.20674934489924998,0.12404388321940206,0.43333333333333335,-0.2352941176470588,0.2620087336244542,raw,Z_unknown,fwd_240m
163,0.009771306442092929,0.002353410294801849,0.059381046739460805,-0.0015759988968180026,0.01919367153374541,-0.01797402597402599,0.045976170001961296,0.5950920245398773,-0.1867007672634271,0.24895920066611155,raw,Z_unknown,fwd_next_session_open
203,-0.005869422198342674,-0.0017797552836486183,0.04728392634870252,-0.008232491575876313,0.0036920563927989323,-0.022825174825174842,0.014819712445935327,0.4088669950738916,-0.37914366172198943,0.10921021795172246,dedup,A_both_pass,fwd_30m
188,-0.006382405874983389,-0.0037694030978999335,0.055679845680574644,-0.012442564235614958,0.004722225494353637,-0.029288702928870265,0.018062176147838848,0.39893617021276595,-0.40329053859287345,0.22804878048780503,dedup,A_both_pass,fwd_60m
136,-0.01512560125994301,-0.005936920222634514,0.06490917758961218,-0.024642083867261667,0.003603955895493135,-0.04199470432480143,0.01653919980804986,0.3382352941176471,-0.4234683695869088,0.15181370353784152,dedup,A_both_pass,fwd_240m
227,-0.00695845893511705,-0.0025436408977555524,0.0609448785415152,-0.01646405756137983,0.010178678678678652,-0.030450604816901882,0.03999210162474314,0.4052863436123348,-0.4789241446595268,0.12028530449277057,dedup,A_both_pass,fwd_next_session_open
6951,-0.0025060810550956484,-0.0013259559504085663,0.028923735703314496,-0.006451612903225835,0.002480816347299651,-0.018442622950819644,0.009193095142513015,0.37045029492159404,-0.5268022181146026,0.9,dedup,B_rsi_pass_sma_fail,fwd_30m
6314,-0.0030321788599281577,-0.0016526881601483705,0.031296674190070775,-0.007933772123044745,0.0034572246748597667,-0.021269510616587734,0.011495894487267474,0.3794741843522331,-0.5027726432532348,0.75,dedup,B_rsi_pass_sma_fail,fwd_60m
4635,-0.001585617748498837,-0.0020975353959097613,0.0651122898953153,-0.011108139978101367,0.005604818982856517,-0.02574629690585909,0.018101772441395148,0.40625674217907226,-0.8740636042402827,3.3783986499156193,dedup,B_rsi_pass_sma_fail,fwd_240m
8017,0.006896243930846875,-0.0006378907080587101,0.2950989829024118,-0.0076119402985074525,0.007037297677691741,-0.022089049058358567,0.02027383676582766,0.45628040414119997,-0.523105360443623,15.80434269530328,dedup,B_rsi_pass_sma_fail,fwd_next_session_open
4513,0.0024619728896942313,0.0008547008547009884,0.03322380977062684,-0.005524861878453044,0.009842519685039335,-0.020043117628530442,0.025930466894340483,0.5419898072235764,-0.3816907216494845,0.5451388888888891,dedup,C_rsi_fail_sma_pass,fwd_30m
4105,0.0046020060227982855,0.0019325746188532597,0.042347506918072354,-0.006238003838771545,0.013772253946926442,-0.02351304155847261,0.03536829416565592,0.5732034104750304,-0.5352177942539388,0.5208333333333334,dedup,C_rsi_fail_sma_pass,fwd_60m
2962,0.006393659732989302,0.0034995596741089373,0.06126233745505317,-0.010376387164839304,0.018760626329322135,-0.03152891909914461,0.04426107863147332,0.5762997974341662,-0.548319783197832,1.1521739130434783,dedup,C_rsi_fail_sma_pass,fwd_240m
5384,0.0086413154887827,0.0025126297540717353,0.05331523299545401,-0.007975904314226326,0.018416314886922344,-0.02702702702702705,0.04770095068778632,0.5915676077265973,-0.5247686832740214,1.0208333333333335,dedup,C_rsi_fail_sma_pass,fwd_next_session_open
5850,0.0009071338515395534,-0.00021667199329403967,0.046022564680560284,-0.007478364682338768,0.0061950134679037636,-0.020486768270411942,0.019431930186033182,0.4694017094017094,-0.43589743589743585,2.022222222222222,dedup,D_both_fail,fwd_30m
5274,0.0016912948162749757,-1.7884717789919438e-05,0.04638566863028284,-0.008379408620641553,0.00791331953870546,-0.023667919118491643,0.024414698772864434,0.4840728100113766,-0.3828478964401294,1.6400000000000001,dedup,D_both_fail,fwd_60m
3743,0.004963875949340884,0.0015412077996820508,0.07609411917105578,-0.009517827656444437,0.014224137931034532,-0.02690978617411286,0.03638001940760599,0.5423457119957253,-0.43589743589743585,2.3325,dedup,D_both_fail,fwd_240m
6793,0.00619686700885342,0.002898550724637693,0.058325304177380397,-0.007451923076923131,0.015428002654279982,-0.024573423621048376,0.039184471363236335,0.5906079788017077,-0.49288025889967635,2.706711111111111,dedup,D_both_fail,fwd_next_session_open
68,-0.0063169051416856175,0.0,0.053913983338014726,-0.02927250399723081,0.015879953379953408,-0.07322573498748956,0.03366422097539923,0.47058823529411764,-0.2186700767263427,0.22270742358078593,dedup,Z_unknown,fwd_30m
50,-0.014451037526677044,-0.005221118110089583,0.07585763890303643,-0.04789807303661395,0.025277994945692033,-0.10557963528959974,0.06071888415886944,0.48,-0.2608695652173913,0.24890829694323136,dedup,Z_unknown,fwd_60m
29,-0.02167577890120805,-0.01039579158316631,0.10805795803946962,-0.051282051282051204,0.030263838592860883,-0.20677600072286975,0.07645259740742148,0.41379310344827586,-0.2352941176470588,0.2620087336244542,dedup,Z_unknown,fwd_240m
160,0.008661869175098064,0.0024767376888913005,0.05728460933719306,-0.001555917537146213,0.01909353760364841,-0.01724675324675326,0.04437180902613646,0.59375,-0.1867007672634271,0.24895920066611155,dedup,Z_unknown,fwd_next_session_open
