n,mean,median,std,p25,p75,p10,p90,p_positive,min,max,view,score_band,horizon
674,0.00266025848816604,0.0008998200359926224,0.047693169165181036,-0.007209020401404295,0.01464999111279909,-0.02776493751070023,0.03678060868891806,0.5445103857566765,-0.37914366172198943,0.27020785219399557,raw,10-25,fwd_30m
632,0.003918110320121527,0.0010166078854556364,0.06049057212592378,-0.009069968327094719,0.017756710678255017,-0.03285411062607755,0.047570746675758634,0.5332278481012658,-0.40329053859287345,0.46700507614213205,raw,10-25,fwd_60m
459,0.016085887295837993,0.007228915662650447,0.16639633492706946,-0.009510581085239733,0.031591694551651575,-0.037214358062205126,0.06544918319854377,0.6209150326797386,-0.4234683695869088,2.3325,raw,10-25,fwd_240m
767,0.010458775990666587,0.0061623412479292795,0.07720639131105413,-0.006577770855326553,0.03369565217391298,-0.03607042184894871,0.07122100627833979,0.6179921773142112,-0.5247686832740214,0.4519633507853402,raw,10-25,fwd_next_session_open
2434,0.0022101508247973803,9.938382031396248e-05,0.05987392833400858,-0.007579800523477211,0.008281200771307742,-0.02288237703283519,0.022819210198318087,0.5094494658997535,-0.43589743589743585,2.022222222222222,raw,25-40,fwd_30m
2237,0.003776473502288068,0.0006677796327212273,0.055961860517180995,-0.008041060735671617,0.011269497723710643,-0.023600439077936318,0.029596080223987197,0.5265981224854717,-0.28205128205128205,1.6400000000000001,raw,25-40,fwd_60m
1643,0.009991075736407675,0.006068881808526865,0.06369277564293221,-0.00723466798251797,0.02106485299464804,-0.0247536512379801,0.043645247886406904,0.628119293974437,-0.43589743589743585,1.5244444444444443,raw,25-40,fwd_240m
2775,0.009384879515530995,0.0048678558630671845,0.06804417459136833,-0.005882352941176346,0.022629935904357808,-0.025488533227476934,0.04629629629629613,0.6313513513513513,-0.48717948717948717,2.706711111111111,raw,25-40,fwd_next_session_open
6104,-0.0002269318449102479,-0.0008251622654107554,0.03609825316083604,-0.008840115836000584,0.005687907721567594,-0.023133603238866447,0.01869927466650908,0.4459370904325033,-0.2215686274509803,1.0081157007595465,raw,40-55,fwd_30m
5546,0.00047149947103659293,-0.00047535061210388064,0.038967308862545125,-0.009713978276742722,0.00764287444368496,-0.02484534444346456,0.022041763341067437,0.4698882077172737,-0.25574031890660587,1.013318073041307,raw,40-55,fwd_60m
4155,0.0036066933253994108,0.00010583130489997777,0.074248288671438,-0.011410426132149615,0.011539221707606082,-0.028023598820059052,0.030804356697578195,0.5020457280385078,-0.3471810089020771,3.3783986499156193,raw,40-55,fwd_240m
7018,0.009471297090277454,0.0019672131147540563,0.2678838517197793,-0.009956673928716353,0.014037884533046049,-0.02799564541213059,0.035152243038617664,0.5538614990025649,-0.3603801169590644,15.80434269530328,raw,40-55,fwd_next_session_open
5770,-0.0010228899114125272,-0.0007293258780343162,0.026867343041286868,-0.00552345767742453,0.004477842745671998,-0.01652931625473567,0.013845098940958636,0.4344887348353553,-0.5268022181146026,0.4954473475851148,raw,55-70,fwd_30m
5224,-0.000936424296963937,-0.0009367681498830503,0.030609388616752404,-0.00707505609096647,0.005599548472810207,-0.020400773961187012,0.017347582972583035,0.44352986217457885,-0.5027726432532348,0.43749999999999983,raw,55-70,fwd_60m
3697,-0.002143600969169781,-0.001056338028168929,0.03925268881353182,-0.010761432327668068,0.007711225042724331,-0.027856623518467356,0.023209621718734422,0.45820935893968084,-0.8740636042402827,0.4287209545740004,raw,55-70,fwd_240m
6717,0.00541655787239602,0.0005963578146888454,0.17648073005849985,-0.007594936708860687,0.008953413790008491,-0.021466511659001986,0.02675607407803619,0.5222569599523597,-0.523105360443623,12.433962264150942,raw,55-70,fwd_next_session_open
2312,-0.0012980312312000062,-0.000702262234597389,0.021133508365862527,-0.0041296025750867105,0.002584883820480156,-0.013156463922322873,0.009598153049593347,0.39662629757785467,-0.2081784386617101,0.22201198360138755,raw,70-85,fwd_30m
2053,-0.001114564499028374,-0.0006927873142945378,0.03699518391605923,-0.0048114775610182585,0.003468979319546243,-0.01577737477969913,0.01278958393678371,0.4120798830979055,-0.5352177942539388,0.5498663816141101,raw,70-85,fwd_60m
1373,-0.0028762133655722676,-0.0019586507072906073,0.05693746438290048,-0.010050251256281372,0.004475703324808152,-0.027304964539007076,0.018340319596723796,0.3699927166788055,-0.548319783197832,0.47275405007363763,raw,70-85,fwd_240m
2726,0.0009286934479918224,-0.0008086848579251739,0.042524449422238104,-0.005524861878453013,0.005449328201026032,-0.017859447656811682,0.017594760899046047,0.42920029347028615,-0.3736951983298538,0.5223880597014925,raw,70-85,fwd_next_session_open
100,0.004647774514368903,-0.0005481687026099732,0.05197406135400366,-0.011513314213195076,0.013343138642915295,-0.03759468341952776,0.028216901615812327,0.44,-0.1313966910350135,0.34274711168164324,raw,85+,fwd_30m
96,0.007640877923659283,0.00045104599499944093,0.05533624982190589,-0.014627334388715213,0.014586687308376737,-0.030145602510049985,0.039559514876621474,0.5520833333333334,-0.12427856868026171,0.40476190476190477,raw,85+,fwd_60m
54,0.006774715100465757,-0.007723598676142935,0.04663617872054067,-0.0160225628696651,0.022581117086730516,-0.033152468800868126,0.045913872467830935,0.42592592592592593,-0.08988764044943816,0.1587247171751798,raw,85+,fwd_240m
113,0.015917178958178863,0.0017734426956329482,0.05694707278619239,-0.007052631578947448,0.027582846003898584,-0.024999389160566963,0.07358019348952051,0.5752212389380531,-0.13062716429395924,0.2975460122699387,raw,85+,fwd_next_session_open
245,0.002915120546622128,0.0,0.036455381692729466,-0.00816130580892934,0.009814612868047967,-0.03408085060020773,0.0388978930307942,0.4816326530612245,-0.09213483146067411,0.263641585295807,raw,<=10,fwd_30m
228,0.0018035912671483683,-2.213245034502868e-05,0.03370772322962534,-0.011959275998858074,0.008475401249209352,-0.03047670207818989,0.03883956726108913,0.4692982456140351,-0.11067415730337082,0.14621848739495802,raw,<=10,fwd_60m
182,0.005198659018779299,-2.222476219500883e-05,0.057785654209596936,-0.01533175057783136,0.015179538072897895,-0.03737620309666622,0.06607730431037176,0.4835164835164835,-0.15538461538461534,0.22355588897224296,raw,<=10,fwd_240m
259,0.012110880851457178,0.00025188916876580037,0.08362642110966123,-0.01646405756137983,0.018573078086196283,-0.038522167487684646,0.08427876823338744,0.5444015444015444,-0.22364978780303474,0.9699999999999999,raw,<=10,fwd_next_session_open
653,0.0022628472554235245,0.0008998200359926224,0.046105864883826564,-0.007491856677524405,0.014602692964157104,-0.027605588733491768,0.03649479716535225,0.5436447166921899,-0.37914366172198943,0.27020785219399557,dedup,10-25,fwd_30m
611,0.0037493535634244043,0.0009569377990431693,0.05933034960916068,-0.009105960264900615,0.017520058567076315,-0.03287920072661218,0.046703296703296746,0.530278232405892,-0.40329053859287345,0.46700507614213205,dedup,10-25,fwd_60m
444,0.01672602216657288,0.0071695554452081015,0.1682465408711685,-0.009361939970824566,0.03161307804543102,-0.035913059503789646,0.06512249921708285,0.6216216216216216,-0.4234683695869088,2.3325,dedup,10-25,fwd_240m
744,0.010057172861732029,0.0060100977669326205,0.07719270478520122,-0.006535947712418394,0.03323273299527891,-0.03559305369911184,0.07091703676926263,0.6182795698924731,-0.5247686832740214,0.4519633507853402,dedup,10-25,fwd_next_session_open
2384,0.0022465065170389474,9.933940504511745e-05,0.060394654363977285,-0.007423627956337165,0.008237564584070751,-0.02287029082934111,0.022748189377750472,0.5088087248322147,-0.43589743589743585,2.022222222222222,dedup,25-40,fwd_30m
2189,0.0038473045561036932,0.0006880733944954389,0.056456971980026666,-0.007936507936507943,0.011081081081081147,-0.023600439077936318,0.029595337409290916,0.5276381909547738,-0.28205128205128205,1.6400000000000001,dedup,25-40,fwd_60m
1608,0.009897715702424743,0.006015436623548349,0.06417234862541493,-0.007244521032166816,0.02087703727071981,-0.02479784366576824,0.04351044050343258,0.6281094527363185,-0.43589743589743585,1.5244444444444443,dedup,25-40,fwd_240m
2721,0.00938532388600484,0.00489236790606649,0.068464129607041,-0.005520215633423147,0.022603719599427727,-0.02514087177361751,0.04629629629629613,0.6339581036383682,-0.48717948717948717,2.706711111111111,dedup,25-40,fwd_next_session_open
5978,-0.0001747875664512567,-0.0008026755996495551,0.03614147098029982,-0.008731743204706505,0.005691174145095029,-0.022822332665903854,0.0185009251541924,0.44713951154232184,-0.2215686274509803,1.0081157007595465,dedup,40-55,fwd_30m
5427,0.0005331903087994673,-0.0004672897196260753,0.039057774935776925,-0.009572390494481425,0.007626428087913126,-0.024497898955300502,0.021805722956857433,0.47060991339598307,-0.25574031890660587,1.013318073041307,dedup,40-55,fwd_60m
4068,0.003691022069226814,0.00010609582688098822,0.0748247598140489,-0.011382356556263587,0.011421313850379356,-0.027965903175429428,0.030622893650421704,0.5022123893805309,-0.3471810089020771,3.3783986499156193,dedup,40-55,fwd_240m
6889,0.009571974677553484,0.001963770439243398,0.27026471871187846,-0.00989802787404316,0.013913743736578315,-0.027867019711679875,0.03490141110192337,0.5539265495717811,-0.3603801169590644,15.80434269530328,dedup,40-55,fwd_next_session_open
5689,-0.0010714430376307655,-0.0007309941520467681,0.026822179085379604,-0.005516154452324688,0.0044597899582792125,-0.016362068931685046,0.013693940431359075,0.43364387414308314,-0.5268022181146026,0.4954473475851148,dedup,55-70,fwd_30m
5152,-0.0009705451830624074,-0.0009194035570182435,0.030500135687088682,-0.006976748361612406,0.005568435201233643,-0.020130004473719376,0.017233979576735364,0.4440993788819876,-0.5027726432532348,0.43749999999999983,dedup,55-70,fwd_60m
3647,-0.002126796592167368,-0.001056338028168929,0.03933157837100002,-0.010750935854639553,0.007707619369374351,-0.027763322732967034,0.02299022744363382,0.4581848094324102,-0.8740636042402827,0.4287209545740004,dedup,55-70,fwd_240m
6630,0.00539973872978072,0.0005865260927420287,0.1775695722422005,-0.0075664331835031285,0.008888888888888898,-0.021389480481504956,0.026378281343718554,0.5215686274509804,-0.523105360443623,12.433962264150942,dedup,55-70,fwd_next_session_open
2285,-0.0012441949240616066,-0.0006821947178636895,0.02096639311899637,-0.004070004070004128,0.002617092320187637,-0.013084088429411712,0.009558857439906742,0.3978118161925602,-0.2081784386617101,0.22201198360138755,dedup,70-85,fwd_30m
2026,-0.0010550313501684041,-0.000670895819009233,0.036838867098345,-0.004708782769415165,0.0034739083006440474,-0.015308342010875785,0.012782557590168078,0.41312931885488646,-0.5352177942539388,0.5498663816141101,dedup,70-85,fwd_60m
1357,-0.0024875131289491263,-0.0019455252918287405,0.056574606542257155,-0.009509602834234665,0.0044839679358716165,-0.027272727272727296,0.01841829192793635,0.37067059690493737,-0.548319783197832,0.47275405007363763,dedup,70-85,fwd_240m
2699,0.0010938905511493873,-0.0008016835354245164,0.042185488530352595,-0.005503280852958272,0.005391600454029447,-0.017448795581473883,0.01757893021380415,0.42978881067061875,-0.3736951983298538,0.5223880597014925,dedup,70-85,fwd_next_session_open
99,0.00429468172768536,-0.0005947071067500185,0.05211787313397227,-0.011753014776176945,0.013135093903089846,-0.0377747948478591,0.02679899467284384,0.43434343434343436,-0.1313966910350135,0.34274711168164324,dedup,85+,fwd_30m
95,0.006985508321813486,0.00039123630672932563,0.05525400021722328,-0.014745314061890048,0.013965363812066301,-0.03041435434846551,0.02975793133845925,0.5473684210526316,-0.12427856868026171,0.40476190476190477,dedup,85+,fwd_60m
54,0.006774715100465757,-0.007723598676142935,0.04663617872054067,-0.0160225628696651,0.022581117086730516,-0.033152468800868126,0.045913872467830935,0.42592592592592593,-0.08988764044943816,0.1587247171751798,dedup,85+,fwd_240m
112,0.015440484746260197,0.0015669390174707703,0.056976099217178396,-0.007107655502392406,0.02524433535418567,-0.025081241644589147,0.07366313434237724,0.5714285714285714,-0.13062716429395924,0.2975460122699387,dedup,85+,fwd_next_session_open
242,0.0025574702107330435,0.0,0.036351976576936465,-0.00836055117133351,0.009522443337419504,-0.03418624765172404,0.03886567049329342,0.47520661157024796,-0.09213483146067411,0.263641585295807,dedup,<=10,fwd_30m
225,0.0017327835088454622,-2.2493705070472655e-05,0.03391146647284222,-0.012187401076290015,0.008349146110056882,-0.030547998750974418,0.039172258294280365,0.4666666666666667,-0.11067415730337082,0.14621848739495802,dedup,<=10,fwd_60m
180,0.005236770729912548,-2.222476219500883e-05,0.05810143428557684,-0.015536138118547533,0.015511003992599167,-0.037680616353113046,0.06685780695606466,0.48333333333333334,-0.15538461538461534,0.22355588897224296,dedup,<=10,fwd_240m
255,0.012293582590747056,0.00025188916876580037,0.08426424027169559,-0.016827478961005657,0.019860069562775185,-0.038522167487684646,0.08427876823338744,0.5450980392156862,-0.22364978780303474,0.9699999999999999,dedup,<=10,fwd_next_session_open
