n,mean,median,std,p25,p75,p10,p90,p_positive,min,max,view,metric,bin,horizon
889,0.0001782025821036866,-0.0004158854610533488,0.02155158857054828,-0.0043290043290043325,0.003412284223203567,-0.011215791834903545,0.011090211106445272,0.42407199100112486,-0.1117777777777778,0.38039215686274525,raw,rsi_distance,fail_0_2,fwd_30m
3601,0.0004669793700671595,0.0,0.024742868546582367,-0.0037428445618669735,0.004395604395604497,-0.012056937779749258,0.012658227848101156,0.4834768119966676,-0.5129533678756477,0.4077464788732395,raw,rsi_distance,fail_10_20,fwd_30m
4431,0.0007133440781951303,0.0,0.023406312003359107,-0.004505068272277276,0.005520705763699928,-0.014304441049647211,0.016136114160263434,0.49334236064093884,-0.2842377260981912,0.6915422885572141,raw,rsi_distance,fail_20p,fwd_30m
1308,-0.0007226280256541632,-1.0016025641358137e-06,0.025350157145808426,-0.00426098801075658,0.0036129523733653894,-0.011796160901444593,0.010809312638580986,0.44648318042813456,-0.3823529411764706,0.23043478260869577,raw,rsi_distance,fail_2_5,fwd_30m
2001,0.00019741654315974318,0.0,0.016763678112674305,-0.003909346893026072,0.0034155597722960096,-0.011100520274832257,0.010701545778834703,0.44627686156921537,-0.15194346289752655,0.1809045226130652,raw,rsi_distance,fail_5_10,fwd_30m
8276,-0.0001639068729640399,-0.0003606965427644921,0.018033220392458613,-0.0032789726138001923,0.0026346742118043753,-0.008995312701903147,0.008793151972882536,0.4208554857419043,-0.3488372093023256,0.5093032462391132,raw,rsi_distance,passing_side,fwd_30m
5405,-0.000468025052147355,-0.00046274872744101706,0.01512791244500617,-0.003612716763005832,0.0027341079972658337,-0.009851743312115455,0.00819252357253029,0.4185013876040703,-0.28940217391304346,0.41115375931361475,raw,sma_spread_distance,fail_0.25_1,fwd_30m
4522,0.0001396401053166886,0.0,0.030763301431849535,-0.004046495047746846,0.003913793555174348,-0.014998470948012209,0.01524235483471594,0.4478107032286599,-0.5129533678756477,0.5093032462391132,raw,sma_spread_distance,fail_0_0.25,fwd_30m
3782,0.0004215348438400238,-0.00041832789528285704,0.014337562495000542,-0.0036054269739098227,0.0034303398968386113,-0.009238490669343465,0.00975909973106435,0.44526705446853515,-0.15194346289752655,0.23043478260869577,raw,sma_spread_distance,fail_1_5,fwd_30m
1143,-0.00021207164628869298,-0.0005073566717402045,0.008226595281013192,-0.003438921453903266,0.0027901530572047133,-0.007308119792694768,0.008164253175367573,0.45231846019247596,-0.09489744872436227,0.050016784155757034,raw,sma_spread_distance,fail_5p,fwd_30m
5654,0.0006438907225257592,0.0,0.02212102559221306,-0.0038112482555370114,0.004779115892811176,-0.012564270490180387,0.014418090073583715,0.4909798372833392,-0.2842377260981912,0.6915422885572141,raw,sma_spread_distance,passing_side,fwd_30m
889,-0.0013024250896131356,-0.0009406870638754227,0.02877262857268155,-0.006315022888056588,0.003713206062444095,-0.014963317572680582,0.011376431315932141,0.4015748031496063,-0.46153846153846156,0.38039215686274525,raw,rsi_distance,fail_0_2,fwd_60m
3599,0.0009226386783198435,0.0,0.026233576045972738,-0.004784688995215209,0.005534587804296299,-0.014241791095483118,0.01597087055787274,0.4851347596554598,-0.5129533678756477,0.4077464788732395,raw,rsi_distance,fail_10_20,fwd_60m
4427,0.0009256281437847683,0.0,0.02652296799674595,-0.005390120992636317,0.006817075329733498,-0.01670565612242796,0.01996171463189979,0.4949175513892026,-0.3807829181494662,0.6915422885572141,raw,rsi_distance,fail_20p,fwd_60m
1308,-0.0011019415963845849,-0.00038178604759628895,0.025248236496057067,-0.005875874578906458,0.004039859514144338,-0.015131773399014717,0.013044814565465579,0.44724770642201833,-0.3823529411764706,0.23043478260869577,raw,rsi_distance,fail_2_5,fwd_60m
2001,-0.00022949625420328623,-7.205559710477615e-05,0.018443232168706566,-0.00509204857030954,0.003780332056194208,-0.014060742407199008,0.011804933648131587,0.4512743628185907,-0.13339222614840987,0.23222748815165867,raw,rsi_distance,fail_5_10,fwd_60m
8272,-0.0008734852412507038,-0.000779577530056474,0.019944151976207584,-0.0044145019902797275,0.0029628494452769395,-0.011790033135582568,0.009441979795820215,0.40945357833655704,-0.3669647172547124,0.48456057007125897,raw,rsi_distance,passing_side,fwd_60m
5404,-0.0008987912396525166,-0.0008599707167152181,0.01668586619686307,-0.004651256045224762,0.0032136109306527545,-0.01231495717109594,0.009832952388887742,0.4139526276831976,-0.33456561922365996,0.29166666666666674,raw,sma_spread_distance,fail_0.25_1,fwd_60m
4519,-0.0004610607670194535,0.0,0.03186987353666917,-0.0050812986396733435,0.00432921540472868,-0.01775210256689339,0.01626899964651826,0.44146935162646606,-0.5129533678756477,0.48456057007125897,raw,sma_spread_distance,fail_0_0.25,fwd_60m
3781,3.5186701934811286e-05,-0.0008223684210526141,0.017045104881119075,-0.005150656708730315,0.003998829610845573,-0.012032085561497213,0.011335254562920335,0.43983073261042055,-0.1382812500000001,0.39469578783151327,raw,sma_spread_distance,fail_1_5,fwd_60m
1143,-0.001287965615134529,-0.0010970399168560184,0.01029434334522705,-0.005029072100682321,0.0031575695683265393,-0.010583439167471904,0.008130074205601873,0.4199475065616798,-0.12461230615307659,0.050016784155757034,raw,sma_spread_distance,fail_5p,fwd_60m
5649,0.0009584263066225757,0.0,0.026005971524074856,-0.004678362573099523,0.0059980407237600585,-0.014824801251758328,0.01762114537444923,0.4946008143034165,-0.3807829181494662,0.6915422885572141,raw,sma_spread_distance,passing_side,fwd_60m
888,-0.00048403783121881734,0.0,0.046012047777398306,-0.008397458389239615,0.006301529232382556,-0.019564726414125835,0.017258049637205407,0.481981981981982,-0.4025889967637541,0.7910447761194033,raw,rsi_distance,fail_0_2,fwd_240m
3582,0.0027004301854222966,0.0013948422106463566,0.03263323563662569,-0.00525357298060183,0.009998246844319783,-0.02046972224806579,0.026496568947580065,0.568676716917923,-0.36247723132969023,0.5913043478260871,raw,rsi_distance,fail_10_20,fwd_240m
4417,0.005974445696918245,0.0028989708653428445,0.0462645289696409,-0.0052328894875912696,0.016020618556701054,-0.022802914542775287,0.03743932343888782,0.6004075164138556,-0.4915254237288135,1.029481988996159,raw,rsi_distance,fail_20p,fwd_240m
1302,-0.0006304800555465213,0.0,0.03324073993146903,-0.008960152663925153,0.006423694592426814,-0.023796992481203014,0.019085929648241327,0.48003072196620583,-0.27272727272727276,0.4249999999999998,raw,rsi_distance,fail_2_5,fwd_240m
1993,0.0007555084555084352,0.0001593625498007651,0.038031933731375714,-0.007442224833529231,0.005944471988101024,-0.019580923500163862,0.018255193833228576,0.5062719518314099,-0.19030357951971005,1.3027555555555554,raw,rsi_distance,fail_5_10,fwd_240m
8255,-0.0012893782700319609,-0.0009086778736939175,0.028422739217066402,-0.00660060854165769,0.0045422580232707035,-0.01880164088738073,0.014500343093300505,0.42410660205935796,-0.5,0.67925637025481,raw,rsi_distance,passing_side,fwd_240m
5388,-0.0006332212758381518,-0.0005506614608538691,0.02508246738165654,-0.006336039095106285,0.0052872693306238085,-0.01816640986132516,0.016633215440226428,0.4569413511507053,-0.5,0.2959844890045411,raw,sma_spread_distance,fail_0.25_1,fwd_240m
4502,-0.00019970340507420424,0.0,0.045866235057990604,-0.007990881083481881,0.006839120658488011,-0.02774803473455494,0.024585514871085658,0.4671257219013772,-0.41935483870967744,1.029481988996159,raw,sma_spread_distance,fail_0_0.25,fwd_240m
3778,0.0020781233605501707,0.0,0.035911334196196534,-0.006608341481099025,0.007293143097553571,-0.017306721955611653,0.02045354034344864,0.4989412387506617,-0.25853018372703407,1.3027555555555554,raw,sma_spread_distance,fail_1_5,fwd_240m
1143,6.369740884577204e-05,0.00023980815347732088,0.015405072557183121,-0.006668122884054653,0.007209785377658007,-0.014553171812461326,0.016380784516943105,0.510061242344707,-0.1621621621621622,0.06722070271407532,raw,sma_spread_distance,fail_5p,fwd_240m
5626,0.003921111347872719,0.0015139578941149288,0.03823809259232093,-0.005699828553657339,0.01217858544662586,-0.02173913043478257,0.03186912882702863,0.5721649484536082,-0.4915254237288135,0.9800995024875623,raw,sma_spread_distance,passing_side,fwd_240m
885,-0.0009870414898538488,0.0,0.04536522145704972,-0.011269376828736905,0.007709251101321617,-0.026911144623947895,0.024869883225453585,0.47909604519774013,-0.49288025889967635,0.353846153846154,raw,rsi_distance,fail_0_2,fwd_next_session_open
3561,0.0054010597488772846,0.003163571393446657,0.040191345808282826,-0.0059701492537313485,0.015625,-0.02549575070821526,0.03888731195004271,0.6203313675933726,-0.36247723132969023,0.4113231552162849,raw,rsi_distance,fail_10_20,fwd_next_session_open
4401,0.01526330713438997,0.007062279670975355,0.0631242832041834,-0.005641025641025612,0.028210838901261987,-0.026634382566586033,0.06495039118842613,0.6462167689161554,-0.5247686832740214,1.0208333333333335,raw,rsi_distance,fail_20p,fwd_next_session_open
1299,-0.0009424823806210416,4.096681687823308e-06,0.04448346857625833,-0.01129062451822584,0.009143685504780752,-0.028090283900546662,0.02540703909525207,0.5003849114703618,-0.375,0.4618749999999999,raw,rsi_distance,fail_2_5,fwd_next_session_open
1987,0.003276059363937597,0.0014064697609002606,0.07145684347904656,-0.00918047040830446,0.009621304531445338,-0.02347497515143179,0.027412932435569973,0.5530951182687468,-0.27775260534662444,2.706711111111111,raw,rsi_distance,fail_5_10,fwd_next_session_open
8242,0.0064991239579615945,-0.0006340091043430412,0.2912678892751723,-0.007820050450226459,0.0072353330216198605,-0.02283157188224062,0.020833333333333256,0.45753457898568306,-0.523105360443623,15.80434269530328,raw,rsi_distance,passing_side,fwd_next_session_open
5376,0.009897906002351948,3.142693307875701e-06,0.3412577961871543,-0.0067228774073501765,0.009142357525463793,-0.02131803561715504,0.025118896474982205,0.5003720238095238,-0.523105360443623,15.80434269530328,raw,sma_spread_distance,fail_0.25_1,fwd_next_session_open
4476,0.003959309909442387,0.00019112576421810506,0.13543285210583197,-0.008919560736475674,0.010069705458179451,-0.0316105139364732,0.033208806054507135,0.5062555853440572,-0.49288025889967635,4.85377086931491,raw,sma_spread_distance,fail_0_0.25,fwd_next_session_open
3778,0.006592393803272188,0.0019340646969979733,0.05744574776117838,-0.007166254700306323,0.012384773653181774,-0.02048872944646399,0.033665460008129935,0.5627316040232927,-0.3603801169590644,2.706711111111111,raw,sma_spread_distance,fail_1_5,fwd_next_session_open
1143,0.001654740385967477,0.0017453685888625995,0.023518796262571046,-0.009580617330756195,0.012454801124949755,-0.019246613734743883,0.026740733030205032,0.5398075240594926,-0.23189465983906363,0.09853637901861255,raw,sma_spread_distance,fail_5p,fwd_next_session_open
5602,0.008328103512618173,0.00250243529084337,0.05372873178895972,-0.008515062367512953,0.018690542572353114,-0.027610988830088584,0.048451824198540085,0.5887183148875401,-0.5247686832740214,1.0208333333333335,raw,sma_spread_distance,passing_side,fwd_next_session_open
877,0.00025909249834546596,-0.00040064102564108824,0.021517874939741662,-0.004305396096441035,0.003412284223203567,-0.010991925037896923,0.010907799503141899,0.4241733181299886,-0.1117777777777778,0.38039215686274525,dedup,rsi_distance,fail_0_2,fwd_30m
3540,0.00038690865415344803,0.0,0.02460899869291864,-0.00370984283814604,0.004315995052099173,-0.012057000516749058,0.012443494379335006,0.48418079096045197,-0.5129533678756477,0.4077464788732395,dedup,rsi_distance,fail_10_20,fwd_30m
4334,0.0005793248690231206,0.0,0.02335891234887891,-0.00452389975604693,0.005448522360735769,-0.01434303246469835,0.01605539119359231,0.4912321181356714,-0.2842377260981912,0.6915422885572141,dedup,rsi_distance,fail_20p,fwd_30m
1289,-0.000878814876882549,0.0,0.024644588856013037,-0.004228329809725256,0.0036363636363635587,-0.011772127509129529,0.010794725172132175,0.44685802948021724,-0.3823529411764706,0.23043478260869577,dedup,rsi_distance,fail_2_5,fwd_30m
1972,0.00017881081573792792,0.0,0.016762286005707484,-0.0038909995638855208,0.003410889729990746,-0.011087857175059822,0.010634173435326175,0.44726166328600403,-0.15194346289752655,0.1809045226130652,dedup,rsi_distance,fail_5_10,fwd_30m
8168,-0.0001767833184585032,-0.00036613170112254225,0.01806612228522737,-0.0032649334048327947,0.0025923183001814246,-0.008860906937778351,0.00860760682453461,0.4198090107737512,-0.3488372093023256,0.5093032462391132,dedup,rsi_distance,passing_side,fwd_30m
5322,-0.0004663024746159119,-0.0004611537754852503,0.015150107764741159,-0.0035855379230761387,0.0026932277129407224,-0.009689728610226458,0.008068801696900255,0.4173243141676062,-0.28940217391304346,0.41115375931361475,dedup,sma_spread_distance,fail_0.25_1,fwd_30m
4466,4.836060253984572e-05,0.0,0.030636001004433012,-0.004043911852877344,0.0038722277094369387,-0.01490846521481378,0.015130054081895413,0.4478280340349306,-0.5129533678756477,0.5093032462391132,dedup,sma_spread_distance,fail_0_0.25,fwd_30m
3716,0.0002835527766217913,-0.00044015748735772454,0.013638918427975363,-0.0035820375855017514,0.003374042073281302,-0.00902283004953621,0.009569113463332569,0.4434876210979548,-0.15194346289752655,0.23043478260869577,dedup,sma_spread_distance,fail_1_5,fwd_30m
1119,-0.0001815937192670049,-0.0005005005005006142,0.008155487038164952,-0.003416059512077501,0.0027901530572047133,-0.007097771431695048,0.00819358602454005,0.4539767649687221,-0.09489744872436227,0.050016784155757034,dedup,sma_spread_distance,fail_5p,fwd_30m
5557,0.0005936180887455558,0.0,0.02219594172983232,-0.003820224719101162,0.004730368968779565,-0.012539184952978068,0.014209388961805174,0.49037250314918124,-0.2842377260981912,0.6915422885572141,dedup,sma_spread_distance,passing_side,fwd_30m
877,-0.0012939174164037603,-0.0009385265133739828,0.028903446454275245,-0.006232471174820904,0.003647073395631738,-0.01489507869976018,0.011389226268227986,0.4013683010262258,-0.46153846153846156,0.38039215686274525,dedup,rsi_distance,fail_0_2,fwd_60m
3538,0.0008595199990603457,0.0,0.026241004369295606,-0.004767490642973463,0.005449033110449479,-0.014253681903888227,0.01577688973940452,0.48501978518937255,-0.5129533678756477,0.4077464788732395,dedup,rsi_distance,fail_10_20,fwd_60m
4330,0.0008073644993134181,0.0,0.02651383774006874,-0.005461353170378615,0.006780604773668312,-0.016776296809185704,0.019814167910793032,0.4930715935334873,-0.3807829181494662,0.6915422885572141,dedup,rsi_distance,fail_20p,fwd_60m
1289,-0.0012501641275500788,-0.0003746019853905811,0.024525615475535993,-0.005749958928864701,0.0040596397992324436,-0.015004133084335729,0.012851415088620413,0.44763382467028706,-0.3823529411764706,0.23043478260869577,dedup,rsi_distance,fail_2_5,fwd_60m
1972,-0.00026982724167965853,-2.0657822749860807e-05,0.018461768460862994,-0.005099313244341167,0.0037573427447807435,-0.014071838787404567,0.011750248361662512,0.4513184584178499,-0.13339222614840987,0.23222748815165867,dedup,rsi_distance,fail_5_10,fwd_60m
8164,-0.000885220875492851,-0.0007841901999962036,0.019981417315654892,-0.004400289394403235,0.002908982236670921,-0.011660208721782701,0.009353933431197784,0.40813326800587946,-0.3669647172547124,0.48456057007125897,dedup,rsi_distance,passing_side,fwd_60m
5321,-0.0009128198303206612,-0.0008609271523180311,0.01665697468973347,-0.004629629629629755,0.003194888178913801,-0.012121212121212078,0.0097133406835721,0.4125164442773915,-0.33456561922365996,0.29166666666666674,dedup,sma_spread_distance,fail_0.25_1,fwd_60m
4463,-0.0005102903179660875,0.0,0.031867638062173555,-0.005073371474252907,0.004279221797364717,-0.017609539790229077,0.016199820891409603,0.4411830607214878,-0.5129533678756477,0.48456057007125897,dedup,sma_spread_distance,fail_0_0.25,fwd_60m
3715,-0.00013469130791085403,-0.000856898029134606,0.016451807827704012,-0.00515552447477502,0.00390469346902157,-0.012025969159397232,0.010991392769976719,0.4376850605652759,-0.1382812500000001,0.39469578783151327,dedup,sma_spread_distance,fail_1_5,fwd_60m
1119,-0.0012916996559693096,-0.0010987976014817,0.010304531229640645,-0.005029072100682321,0.003143572608244065,-0.010462309899187268,0.008139342813049984,0.41823056300268097,-0.12461230615307659,0.050016784155757034,dedup,sma_spread_distance,fail_5p,fwd_60m
5552,0.0009207367590284398,0.0,0.026123077734211277,-0.004674263540471223,0.005983292488427347,-0.01489089560256846,0.01756519677572312,0.4942363112391931,-0.3807829181494662,0.6915422885572141,dedup,sma_spread_distance,passing_side,fwd_60m
876,-0.00035491963145391133,0.0,0.04627232919105179,-0.008293421330146185,0.0065095487315139705,-0.019284736016253516,0.017460261526035338,0.4840182648401826,-0.4025889967637541,0.7910447761194033,dedup,rsi_distance,fail_0_2,fwd_240m
3521,0.0027412278803687347,0.0014155394778232685,0.03263799361325824,-0.005144694533762062,0.009911259651953434,-0.02040816326530605,0.02640608682679404,0.570008520306731,-0.36247723132969023,0.5913043478260871,dedup,rsi_distance,fail_10_20,fwd_240m
4320,0.0058781659409574295,0.002781646549056092,0.046083981387803244,-0.005245901639344337,0.01572122257307012,-0.02253676717964932,0.03693398436593675,0.5986111111111111,-0.4915254237288135,1.029481988996159,dedup,rsi_distance,fail_20p,fwd_240m
1283,-0.0006850043051635757,0.0,0.03276679738300851,-0.00874326338722621,0.006466459364416453,-0.023784461152882214,0.01917558542254241,0.48168355416991426,-0.27272727272727276,0.4249999999999998,dedup,rsi_distance,fail_2_5,fwd_240m
1964,0.0006264830360936124,0.0001970380967753841,0.03800893442529071,-0.00744700074525613,0.005928362250836756,-0.019599416552216187,0.017904129303405344,0.5076374745417516,-0.19030357951971005,1.3027555555555554,dedup,rsi_distance,fail_5_10,fwd_240m
8147,-0.0012417728387182666,-0.0008965929468020443,0.028486387229130793,-0.006554407619618563,0.004527684324065535,-0.01854344297180293,0.014450782581220232,0.4243279734871732,-0.5,0.67925637025481,dedup,rsi_distance,passing_side,fwd_240m
5305,-0.0005181430136691974,-0.0005386922615476711,0.02462363065725312,-0.006252254418660527,0.005285678328718874,-0.017986775378982692,0.016596611662781577,0.4571159283694628,-0.5,0.2959844890045411,dedup,sma_spread_distance,fail_0.25_1,fwd_240m
4446,-0.00018619948812409443,0.0,0.045928725492321985,-0.00772953275514878,0.006799670540862115,-0.02733499377334995,0.0246179408704786,0.4678362573099415,-0.41935483870967744,1.029481988996159,dedup,sma_spread_distance,fail_0_0.25,fwd_240m
3712,0.0019746592049094784,0.0,0.03583397055472157,-0.006590757493239563,0.007201669005352981,-0.017239242264657798,0.020235737859500277,0.4994612068965517,-0.25853018372703407,1.3027555555555554,dedup,sma_spread_distance,fail_1_5,fwd_240m
1119,4.919371363847857e-05,0.00023980815347732088,0.015390653074956764,-0.006668122884054653,0.007209785377658007,-0.014472963900145772,0.016436138711587726,0.5093833780160858,-0.1621621621621622,0.06722070271407532,dedup,sma_spread_distance,fail_5p,fwd_240m
5529,0.003827286734385138,0.0014788575392008577,0.038251434007457404,-0.005700325732899098,0.012034333244845583,-0.021727136431784116,0.03160505211389601,0.5715319225899801,-0.4915254237288135,0.9800995024875623,dedup,sma_spread_distance,passing_side,fwd_240m
873,-0.0008362394476696913,0.0,0.04559765149981408,-0.010999083409715948,0.007812500000000066,-0.026852813565115062,0.024901586042346525,0.4822451317296678,-0.49288025889967635,0.353846153846154,dedup,rsi_distance,fail_0_2,fwd_next_session_open
3501,0.005297932482873492,0.0031446540880502474,0.040217714829088466,-0.0059701492537313485,0.015476190476190442,-0.025358606557376994,0.03827486237336721,0.6198229077406455,-0.36247723132969023,0.4113231552162849,dedup,rsi_distance,fail_10_20,fwd_next_session_open
4304,0.015202473960410839,0.006937418847038817,0.06303279300249921,-0.005544687264506389,0.027831434347021157,-0.026278401351809304,0.06468074451429875,0.64567843866171,-0.5247686832740214,1.0208333333333335,dedup,rsi_distance,fail_20p,fwd_next_session_open
1280,-0.0011785912137211752,0.0,0.043680843034333706,-0.011228340000902063,0.009045539435625374,-0.027619170745221206,0.02520468658465142,0.49921875,-0.375,0.4618749999999999,dedup,rsi_distance,fail_2_5,fwd_next_session_open
1958,0.00316877402635893,0.0014130588441072039,0.07186878647899969,-0.009155962909389343,0.009513528807417715,-0.02347477596451279,0.027000841672122012,0.5531154239019408,-0.27775260534662444,2.706711111111111,dedup,rsi_distance,fail_5_10,fwd_next_session_open
8134,0.0067166065139480395,-0.0006162890550232545,0.29314224723252497,-0.007691265938828191,0.007181697533750066,-0.02251054488923096,0.020740680389292693,0.45856896975657735,-0.523105360443623,15.80434269530328,dedup,rsi_distance,passing_side,fwd_next_session_open
5293,0.010097936535089348,8.802816901412955e-05,0.3438907092761383,-0.0066474501108648495,0.00904166666666669,-0.02088231821565146,0.024917024651661252,0.5012280370300397,-0.523105360443623,15.80434269530328,dedup,sma_spread_distance,fail_0.25_1,fwd_next_session_open
4421,0.0040024717660302935,0.00017621145374447397,0.13615343421719447,-0.008810572687224705,0.009966777408637956,-0.03111111111111104,0.033112582781456984,0.5057679258086406,-0.49288025889967635,4.85377086931491,dedup,sma_spread_distance,fail_0_0.25,fwd_next_session_open
3712,0.006483481108289743,0.0019291682531317128,0.057130773049611346,-0.007097979817912438,0.012178513330219588,-0.02031170685279184,0.03327493389390435,0.5630387931034483,-0.3603801169590644,2.706711111111111,dedup,sma_spread_distance,fail_1_5,fwd_next_session_open
1119,0.0016366453014831704,0.0016992081049019675,0.02360937897100659,-0.009679165383531783,0.012386932438052313,-0.01923698572453819,0.02680311671770088,0.5388739946380697,-0.23189465983906363,0.09853637901861255,dedup,sma_spread_distance,fail_5p,fwd_next_session_open
5505,0.008271901718556714,0.0024309914183691566,0.0536360233137781,-0.008474576271186304,0.01827676240208869,-0.027315340909090918,0.047657973271052395,0.5885558583106267,-0.5247686832740214,1.0208333333333335,dedup,sma_spread_distance,passing_side,fwd_next_session_open
